Match,Bowling_Team,bowler,overs,maidens,runs,wickets,economy,0s,4s,6s,WD,NB,Match_Id
Namibia vs Sri Lanka,Sri Lanka,Maheesh Theekshana,4.0,0,23,1,5.75,7,0,0,2,0,T20I # 1823
Namibia vs Sri Lanka,Sri Lanka,Dushmantha Chameera,4.0,0,39,1,9.75,6,3,1,2,0,T20I # 1823
Namibia vs Sri Lanka,Sri Lanka,Pramod Madushan,4.0,0,37,2,9.25,6,3,1,0,0,T20I # 1823
Namibia vs Sri Lanka,Sri Lanka,Chamika Karunaratne,4.0,0,36,1,9.0,7,3,1,1,0,T20I # 1823
Namibia vs Sri Lanka,Sri Lanka,Wanindu Hasaranga de Silva,4.0,0,27,1,6.75,8,1,1,0,0,T20I # 1823
Namibia vs Sri Lanka,Namibia,Gerhard Erasmus,1.0,0,8,0,8.0,1,1,0,0,0,T20I # 1823
Namibia vs Sri Lanka,Namibia,David Wiese,4.0,0,16,2,4.0,13,1,0,0,0,T20I # 1823
Namibia vs Sri Lanka,Namibia,Bernard Scholtz,4.0,0,18,2,4.5,10,1,0,0,0,T20I # 1823
Namibia vs Sri Lanka,Namibia,Ben Shikongo,3.0,1,22,2,7.33,6,3,0,0,0,T20I # 1823
Namibia vs Sri Lanka,Namibia,JJ Smit,3.0,0,16,1,5.33,7,0,0,1,0,T20I # 1823
Namibia vs Sri Lanka,Namibia,Jan Frylinck,4.0,0,26,2,6.5,10,0,2,1,0,T20I # 1823
United Arab Emirates vs Netherlands,Netherlands,Fred Klaassen,4.0,0,13,2,3.25,18,0,0,3,0,T20I # 1825
United Arab Emirates vs Netherlands,Netherlands,Tim Pringle,4.0,0,13,1,3.25,11,0,0,0,0,T20I # 1825
United Arab Emirates vs Netherlands,Netherlands,Logan van Beek,2.0,0,19,0,9.5,5,0,2,1,0,T20I # 1825
United Arab Emirates vs Netherlands,Netherlands,Bas de Leede,3.0,0,19,3,6.33,9,2,0,2,0,T20I # 1825
United Arab Emirates vs Netherlands,Netherlands,Paul van Meekeren,4.0,0,21,0,5.25,11,1,0,0,0,T20I # 1825
United Arab Emirates vs Netherlands,Netherlands,Roelof van der Merwe,3.0,0,19,1,6.33,7,0,1,0,0,T20I # 1825
United Arab Emirates vs Netherlands,United Arab Emirates,Junaid Siddique,4.0,0,24,3,6.0,10,2,0,1,0,T20I # 1825
United Arab Emirates vs Netherlands,United Arab Emirates,Basil Hameed,1.0,0,7,1,7.0,4,0,1,0,0,T20I # 1825
United Arab Emirates vs Netherlands,United Arab Emirates,Aayan Afzal Khan,3.0,0,15,1,5.0,8,1,0,0,0,T20I # 1825
United Arab Emirates vs Netherlands,United Arab Emirates,Karthik Meiyappan,4.0,0,22,1,5.5,11,2,0,0,0,T20I # 1825
United Arab Emirates vs Netherlands,United Arab Emirates,Zahoor Khan,4.0,0,11,1,2.75,14,0,0,0,0,T20I # 1825
United Arab Emirates vs Netherlands,United Arab Emirates,Zawar Farid,2.5,0,24,0,8.47,2,2,0,0,0,T20I # 1825
United Arab Emirates vs Netherlands,United Arab Emirates,Kashif Daud,1.0,0,5,0,5.0,1,0,0,0,0,T20I # 1825
Scotland vs West Indies,West Indies,Kyle Mayers,2.0,0,24,0,12.0,5,5,0,2,0,T20I # 1826
Scotland vs West Indies,West Indies,Akeal Hosein,4.0,0,31,0,7.75,8,2,1,0,0,T20I # 1826
Scotland vs West Indies,West Indies,Alzarri Joseph,4.0,0,28,2,7.0,9,3,0,2,0,T20I # 1826
Scotland vs West Indies,West Indies,Obed McCoy,3.0,0,25,0,8.33,6,4,0,0,0,T20I # 1826
Scotland vs West Indies,West Indies,Jason Holder,3.0,0,14,2,4.66,8,1,0,0,0,T20I # 1826
Scotland vs West Indies,West Indies,Odean Smith,4.0,0,31,1,7.75,6,3,0,1,0,T20I # 1826
Scotland vs West Indies,Scotland,Mark Watt,4.0,0,12,3,3.0,16,1,0,1,0,T20I # 1826
Scotland vs West Indies,Scotland,Brad Wheal,4.0,0,32,2,8.0,10,4,1,0,0,T20I # 1826
Scotland vs West Indies,Scotland,Josh Davey,3.0,0,34,1,11.33,8,4,2,1,0,T20I # 1826
Scotland vs West Indies,Scotland,Safyaan Sharif,3.3,0,23,1,6.57,7,2,0,2,0,T20I # 1826
Scotland vs West Indies,Scotland,Michael Leask,4.0,0,15,2,3.75,11,0,0,1,0,T20I # 1826
Zimbabwe vs Ireland,Ireland,Josh Little,4.0,0,24,3,6.0,11,3,0,0,0,T20I # 1828
Zimbabwe vs Ireland,Ireland,Mark Adair,4.0,0,39,2,9.75,6,3,1,2,0,T20I # 1828
Zimbabwe vs Ireland,Ireland,Barry McCarthy,4.0,0,24,0,6.0,11,2,0,2,0,T20I # 1828
Zimbabwe vs Ireland,Ireland,Curtis Campher,3.0,0,29,0,9.66,6,2,2,0,0,T20I # 1828
Zimbabwe vs Ireland,Ireland,Simi Singh,3.0,0,31,2,10.33,5,2,2,1,0,T20I # 1828
Zimbabwe vs Ireland,Ireland,Gareth Delany,2.0,0,21,0,10.5,4,2,1,1,0,T20I # 1828
Zimbabwe vs Ireland,Zimbabwe,Richard Ngarava,4.0,0,22,2,5.5,13,3,0,0,0,T20I # 1828
Zimbabwe vs Ireland,Zimbabwe,Tendai Chatara,4.0,0,22,2,5.5,13,1,1,2,0,T20I # 1828
Zimbabwe vs Ireland,Zimbabwe,Blessing Muzarabani,4.0,0,23,3,5.75,14,0,2,0,1,T20I # 1828
Zimbabwe vs Ireland,Zimbabwe,Luke Jongwe,2.0,0,24,0,12.0,1,4,0,0,0,T20I # 1828
Zimbabwe vs Ireland,Zimbabwe,Sean Williams,3.0,0,20,1,6.66,3,0,0,0,0,T20I # 1828
Zimbabwe vs Ireland,Zimbabwe,Sikandar Raza,3.0,0,22,1,7.33,8,1,1,1,0,T20I # 1828
Namibia vs Netherlands,Netherlands,Fred Klaassen,3.0,0,15,0,5.0,11,1,0,0,0,T20I # 1830
Namibia vs Netherlands,Netherlands,Tim Pringle,3.0,0,15,1,5.0,8,0,0,0,0,T20I # 1830
Namibia vs Netherlands,Netherlands,Bas de Leede,3.0,0,18,2,6.0,6,1,0,0,0,T20I # 1830
Namibia vs Netherlands,Netherlands,Colin Ackermann,3.0,0,17,1,5.66,8,2,0,0,0,T20I # 1830
Namibia vs Netherlands,Netherlands,Paul van Meekeren,4.0,0,18,1,4.5,11,1,0,1,0,T20I # 1830
Namibia vs Netherlands,Netherlands,Timm van der Gugten,3.0,0,29,0,9.66,4,1,1,2,0,T20I # 1830
Namibia vs Netherlands,Netherlands,Roelof van der Merwe,1.0,0,6,1,6.0,1,0,0,1,0,T20I # 1830
Namibia vs Netherlands,Namibia,Bernard Scholtz,4.0,0,21,1,5.25,10,0,1,0,0,T20I # 1830
Namibia vs Netherlands,Namibia,David Wiese,2.3,0,22,0,8.8,4,3,0,0,0,T20I # 1830
Namibia vs Netherlands,Namibia,Gerhard Erasmus,3.0,0,13,0,4.33,8,0,0,1,0,T20I # 1830
Namibia vs Netherlands,Namibia,Ben Shikongo,1.0,0,18,0,18.0,1,0,2,1,0,T20I # 1830
Namibia vs Netherlands,Namibia,JJ Smit,4.0,0,24,2,6.0,9,2,0,0,0,T20I # 1830
Namibia vs Netherlands,Namibia,Jan Frylinck,4.0,1,16,1,4.0,11,1,0,0,0,T20I # 1830
Namibia vs Netherlands,Namibia,Jan Nicol Loftie-Eaton,1.0,0,8,0,8.0,2,1,0,0,1,T20I # 1830
Sri Lanka vs United Arab Emirates,United Arab Emirates,Junaid Siddique,4.0,0,36,0,9.0,8,2,1,2,0,T20I # 1832
Sri Lanka vs United Arab Emirates,United Arab Emirates,Kashif Daud,1.0,0,14,0,14.0,0,2,0,0,0,T20I # 1832
Sri Lanka vs United Arab Emirates,United Arab Emirates,Zahoor Khan,4.0,0,26,2,6.5,10,3,0,0,0,T20I # 1832
Sri Lanka vs United Arab Emirates,United Arab Emirates,Aayan Afzal Khan,3.0,0,16,1,5.33,7,1,0,0,0,T20I # 1832
Sri Lanka vs United Arab Emirates,United Arab Emirates,Aryan Lakra,3.0,0,24,1,8.0,5,3,0,0,0,T20I # 1832
Sri Lanka vs United Arab Emirates,United Arab Emirates,Karthik Meiyappan,4.0,0,19,3,4.75,12,0,1,0,0,T20I # 1832
Sri Lanka vs United Arab Emirates,United Arab Emirates,Basil Hameed,1.0,0,13,0,13.0,1,1,1,0,0,T20I # 1832
Sri Lanka vs United Arab Emirates,Sri Lanka,Pramod Madushan,3.0,0,14,1,4.66,12,2,0,1,0,T20I # 1832
Sri Lanka vs United Arab Emirates,Sri Lanka,Maheesh Theekshana,3.1,0,15,2,4.73,10,2,0,0,0,T20I # 1832
Sri Lanka vs United Arab Emirates,Sri Lanka,Dushmantha Chameera,3.5,0,15,3,3.91,16,0,1,0,0,T20I # 1832
Sri Lanka vs United Arab Emirates,Sri Lanka,Chamika Karunaratne,2.0,0,14,0,7.0,5,2,0,0,0,T20I # 1832
Sri Lanka vs United Arab Emirates,Sri Lanka,Wanindu Hasaranga de Silva,4.0,1,8,3,2.0,17,0,0,0,0,T20I # 1832
Sri Lanka vs United Arab Emirates,Sri Lanka,Dasun Shanaka,1.1,0,7,1,6.0,3,0,0,1,0,T20I # 1832
Scotland vs Ireland,Ireland,Josh Little,4.0,0,30,1,7.5,10,2,1,1,0,T20I # 1833
Scotland vs Ireland,Ireland,Mark Adair,4.0,0,23,1,5.75,12,2,0,2,0,T20I # 1833
Scotland vs Ireland,Ireland,Barry McCarthy,4.0,0,59,0,14.75,4,6,3,1,1,T20I # 1833
Scotland vs Ireland,Ireland,Gareth Delany,3.0,0,28,0,9.33,3,2,1,0,0,T20I # 1833
Scotland vs Ireland,Ireland,Simi Singh,2.0,0,16,0,8.0,2,2,0,0,0,T20I # 1833
Scotland vs Ireland,Ireland,Curtis Campher,2.0,0,9,2,4.5,7,1,0,0,0,T20I # 1833
Scotland vs Ireland,Ireland,George Dockrell,1.0,0,9,0,9.0,1,1,0,0,0,T20I # 1833
Scotland vs Ireland,Scotland,Mark Watt,4.0,0,39,1,9.75,10,2,1,2,0,T20I # 1833
Scotland vs Ireland,Scotland,Brad Wheal,4.0,0,25,1,6.25,11,2,1,0,0,T20I # 1833
Scotland vs Ireland,Scotland,Josh Davey,4.0,0,46,0,11.5,5,8,0,1,0,T20I # 1833
Scotland vs Ireland,Scotland,Safyaan Sharif,3.0,0,32,1,10.66,3,4,0,1,0,T20I # 1833
Scotland vs Ireland,Scotland,Chris Greaves,2.0,0,18,0,9.0,1,0,1,1,0,T20I # 1833
Scotland vs Ireland,Scotland,Michael Leask,2.0,0,16,1,8.0,2,1,0,0,0,T20I # 1833
West Indies vs Zimbabwe,Zimbabwe,Richard Ngarava,3.0,0,20,0,6.66,9,1,1,1,0,T20I # 1834
West Indies vs Zimbabwe,Zimbabwe,Tendai Chatara,3.0,0,22,0,7.33,5,2,0,2,0,T20I # 1834
West Indies vs Zimbabwe,Zimbabwe,Blessing Muzarabani,4.0,0,38,2,9.5,10,2,2,2,1,T20I # 1834
West Indies vs Zimbabwe,Zimbabwe,Ryan Burl,3.0,0,27,0,9.0,5,3,1,0,0,T20I # 1834
West Indies vs Zimbabwe,Zimbabwe,Sikandar Raza,4.0,0,19,3,4.75,7,0,0,0,0,T20I # 1834
West Indies vs Zimbabwe,Zimbabwe,Sean Williams,3.0,0,17,1,5.66,7,1,0,0,1,T20I # 1834
West Indies vs Zimbabwe,West Indies,Kyle Mayers,1.0,0,17,0,17.0,3,3,0,1,0,T20I # 1834
West Indies vs Zimbabwe,West Indies,Akeal Hosein,4.0,0,25,1,6.25,12,1,1,1,1,T20I # 1834
West Indies vs Zimbabwe,West Indies,Alzarri Joseph,4.0,0,16,4,4.0,16,1,1,0,0,T20I # 1834
West Indies vs Zimbabwe,West Indies,Obed McCoy,3.0,0,19,1,6.33,9,3,0,0,0,T20I # 1834
West Indies vs Zimbabwe,West Indies,Jason Holder,3.2,0,12,3,3.6,12,1,0,0,0,T20I # 1834
West Indies vs Zimbabwe,West Indies,Odean Smith,3.0,0,31,1,10.33,8,4,1,1,1,T20I # 1834
Sri Lanka vs Netherlands,Netherlands,Fred Klaassen,4.0,0,34,1,8.5,9,1,2,0,0,T20I # 1835
Sri Lanka vs Netherlands,Netherlands,Tim Pringle,3.0,0,22,0,7.33,8,0,2,0,0,T20I # 1835
Sri Lanka vs Netherlands,Netherlands,Roelof van der Merwe,3.0,0,16,0,5.33,10,2,0,0,0,T20I # 1835
Sri Lanka vs Netherlands,Netherlands,Paul van Meekeren,4.0,0,25,2,6.25,11,3,0,1,0,T20I # 1835
Sri Lanka vs Netherlands,Netherlands,Bas de Leede,3.0,0,31,2,10.33,5,2,2,0,0,T20I # 1835
Sri Lanka vs Netherlands,Netherlands,Timm van der Gugten,3.0,0,31,1,10.33,3,2,1,0,0,T20I # 1835
Sri Lanka vs Netherlands,Sri Lanka,Dhananjaya de Silva,1.0,0,5,0,5.0,1,0,0,0,0,T20I # 1835
Sri Lanka vs Netherlands,Sri Lanka,Lahiru Kumara,4.0,0,28,1,7.0,14,2,1,1,0,T20I # 1835
Sri Lanka vs Netherlands,Sri Lanka,Binura Fernando,4.0,0,33,1,8.25,11,4,1,1,0,T20I # 1835
Sri Lanka vs Netherlands,Sri Lanka,Maheesh Theekshana,4.0,0,32,2,8.0,12,1,2,2,1,T20I # 1835
Sri Lanka vs Netherlands,Sri Lanka,Wanindu Hasaranga de Silva,4.0,0,28,3,7.0,11,3,0,0,0,T20I # 1835
Sri Lanka vs Netherlands,Sri Lanka,Chamika Karunaratne,2.0,0,11,0,5.5,6,1,0,1,0,T20I # 1835
Sri Lanka vs Netherlands,Sri Lanka,Dasun Shanaka,1.0,0,7,0,7.0,3,1,0,0,0,T20I # 1835
United Arab Emirates vs Namibia,Namibia,Ruben Trumpelmann,4.0,0,22,0,5.5,10,0,0,3,0,T20I # 1836
United Arab Emirates vs Namibia,Namibia,David Wiese,4.0,0,27,1,6.75,12,2,1,1,0,T20I # 1836
United Arab Emirates vs Namibia,Namibia,Bernard Scholtz,4.0,0,22,1,5.5,11,1,1,0,0,T20I # 1836
United Arab Emirates vs Namibia,Namibia,JJ Smit,4.0,0,39,0,9.75,11,2,3,0,0,T20I # 1836
United Arab Emirates vs Namibia,Namibia,Jan Frylinck,3.0,0,30,0,10.0,3,2,1,1,0,T20I # 1836
United Arab Emirates vs Namibia,Namibia,Ben Shikongo,1.0,0,8,1,8.0,1,1,0,0,0,T20I # 1836
United Arab Emirates vs Namibia,United Arab Emirates,Basil Hameed,3.0,0,17,2,5.66,10,2,0,0,0,T20I # 1836
United Arab Emirates vs Namibia,United Arab Emirates,Junaid Siddique,4.0,0,35,1,8.75,8,3,1,2,0,T20I # 1836
United Arab Emirates vs Namibia,United Arab Emirates,Zahoor Khan,4.0,0,20,2,5.0,15,1,0,2,2,T20I # 1836
United Arab Emirates vs Namibia,United Arab Emirates,Ahmed Raza,1.0,0,9,0,9.0,1,1,0,0,0,T20I # 1836
United Arab Emirates vs Namibia,United Arab Emirates,Karthik Meiyappan,4.0,0,34,1,8.5,8,2,2,0,0,T20I # 1836
United Arab Emirates vs Namibia,United Arab Emirates,Aayan Afzal Khan,2.0,0,7,0,3.5,5,0,0,0,0,T20I # 1836
United Arab Emirates vs Namibia,United Arab Emirates,Muhammad Waseem,2.0,0,16,1,8.0,3,0,1,0,0,T20I # 1836
West Indies vs Ireland,Ireland,Josh Little,4.0,0,31,0,7.75,8,1,2,1,0,T20I # 1837
West Indies vs Ireland,Ireland,Mark Adair,4.0,0,26,0,6.5,12,1,1,4,0,T20I # 1837
West Indies vs Ireland,Ireland,Barry McCarthy,4.0,0,33,1,8.25,9,3,1,1,0,T20I # 1837
West Indies vs Ireland,Ireland,Curtis Campher,2.0,0,28,0,14.0,2,4,1,0,0,T20I # 1837
West Indies vs Ireland,Ireland,Simi Singh,2.0,0,11,1,5.5,4,1,0,0,0,T20I # 1837
West Indies vs Ireland,Ireland,Gareth Delany,4.0,0,16,3,4.0,12,1,0,1,0,T20I # 1837
West Indies vs Ireland,West Indies,Obed McCoy,3.3,0,27,0,7.71,11,2,2,0,0,T20I # 1837
West Indies vs Ireland,West Indies,Akeal Hosein,4.0,0,38,1,9.5,5,2,2,0,0,T20I # 1837
West Indies vs Ireland,West Indies,Alzarri Joseph,4.0,0,39,0,9.75,9,3,2,1,0,T20I # 1837
West Indies vs Ireland,West Indies,Odean Smith,2.0,0,23,0,11.5,4,3,1,0,1,T20I # 1837
West Indies vs Ireland,West Indies,Jason Holder,4.0,0,23,0,5.75,7,1,0,0,0,T20I # 1837
Scotland vs Zimbabwe,Zimbabwe,Tendai Chatara,4.0,1,14,2,3.5,14,1,0,0,0,T20I # 1838
Scotland vs Zimbabwe,Zimbabwe,Richard Ngarava,4.0,0,28,2,7.0,12,4,0,1,1,T20I # 1838
Scotland vs Zimbabwe,Zimbabwe,Blessing Muzarabani,4.0,0,34,1,8.5,9,5,0,0,2,T20I # 1838
Scotland vs Zimbabwe,Zimbabwe,Sean Williams,3.0,0,19,0,6.33,4,1,0,0,0,T20I # 1838
Scotland vs Zimbabwe,Zimbabwe,Sikandar Raza,4.0,0,20,1,5.0,10,0,0,2,0,T20I # 1838
Scotland vs Zimbabwe,Zimbabwe,Wessly Madhevere,1.0,0,7,0,7.0,1,0,0,0,0,T20I # 1838
Scotland vs Zimbabwe,Scotland,Brad Wheal,4.0,0,26,1,6.5,12,4,0,0,0,T20I # 1838
Scotland vs Zimbabwe,Scotland,Josh Davey,3.0,0,16,2,5.33,8,1,0,0,1,T20I # 1838
Scotland vs Zimbabwe,Scotland,Safyaan Sharif,2.3,0,23,0,9.2,4,3,0,0,1,T20I # 1838
Scotland vs Zimbabwe,Scotland,Mark Watt,4.0,0,19,1,4.75,9,1,0,0,0,T20I # 1838
Scotland vs Zimbabwe,Scotland,Michael Leask,4.0,0,36,1,9.0,4,2,1,0,0,T20I # 1838
Scotland vs Zimbabwe,Scotland,Calum MacLeod,1.0,0,11,0,11.0,0,0,1,0,0,T20I # 1838
New Zealand vs Australia,Australia,Mitchell Starc,4.0,0,36,0,9.0,5,3,1,0,0,T20I # 1839
New Zealand vs Australia,Australia,Josh Hazlewood,4.0,0,41,2,10.25,8,5,1,1,0,T20I # 1839
New Zealand vs Australia,Australia,Pat Cummins,4.0,0,46,0,11.5,8,4,2,2,0,T20I # 1839
New Zealand vs Australia,Australia,Marcus Stoinis,4.0,0,38,0,9.5,3,1,2,1,0,T20I # 1839
New Zealand vs Australia,Australia,Adam Zampa,4.0,0,39,1,9.75,4,2,2,1,0,T20I # 1839
New Zealand vs Australia,New Zealand,Trent Boult,4.0,0,24,2,6.0,13,2,1,1,0,T20I # 1839
New Zealand vs Australia,New Zealand,Tim Southee,2.1,0,6,3,2.76,10,1,0,0,0,T20I # 1839
New Zealand vs Australia,New Zealand,Mitchell Santner,4.0,0,31,3,7.75,10,2,2,0,0,T20I # 1839
New Zealand vs Australia,New Zealand,Lockie Ferguson,3.0,0,20,1,6.66,9,2,1,0,0,T20I # 1839
New Zealand vs Australia,New Zealand,Ish Sodhi,4.0,0,29,1,7.25,8,2,1,1,0,T20I # 1839
Afghanistan vs England,England,Ben Stokes,4.0,0,19,2,4.75,14,2,0,1,0,T20I # 1840
Afghanistan vs England,England,Chris Woakes,4.0,0,24,1,6.0,15,2,1,1,0,T20I # 1840
Afghanistan vs England,England,Mark Wood,4.0,0,23,2,5.75,14,2,1,0,0,T20I # 1840
Afghanistan vs England,England,Sam Curran,3.4,0,10,5,2.72,16,1,0,1,0,T20I # 1840
Afghanistan vs England,England,Adil Rashid,4.0,0,32,0,8.0,4,1,1,0,0,T20I # 1840
Afghanistan vs England,Afghanistan,Fazalhaq Farooqi,4.0,0,24,1,6.0,15,2,1,3,0,T20I # 1840
Afghanistan vs England,Afghanistan,Azmatullah Omarzai,1.1,0,11,0,9.42,2,1,0,3,0,T20I # 1840
Afghanistan vs England,Afghanistan,Mujeeb Ur Rahman,4.0,0,22,1,5.5,10,1,0,0,0,T20I # 1840
Afghanistan vs England,Afghanistan,Rashid Khan,4.0,0,17,1,4.25,10,0,0,0,0,T20I # 1840
Afghanistan vs England,Afghanistan,Fareed Ahmad,2.0,0,23,1,11.5,2,2,0,1,0,T20I # 1840
Afghanistan vs England,Afghanistan,Mohammad Nabi,3.0,0,16,1,5.33,6,0,0,0,0,T20I # 1840
Ireland vs Sri Lanka,Sri Lanka,Binura Fernando,4.0,0,27,1,6.75,10,3,0,1,0,T20I # 1841
Ireland vs Sri Lanka,Sri Lanka,Lahiru Kumara,2.0,0,12,1,6.0,6,2,0,0,0,T20I # 1841
Ireland vs Sri Lanka,Sri Lanka,Maheesh Theekshana,4.0,0,19,2,4.75,8,1,0,0,0,T20I # 1841
Ireland vs Sri Lanka,Sri Lanka,Chamika Karunaratne,4.0,0,29,1,7.25,7,2,1,0,0,T20I # 1841
Ireland vs Sri Lanka,Sri Lanka,Wanindu Hasaranga de Silva,4.0,0,25,2,6.25,6,0,1,0,0,T20I # 1841
Ireland vs Sri Lanka,Sri Lanka,Dhananjaya de Silva,2.0,0,13,1,6.5,3,1,0,0,0,T20I # 1841
Ireland vs Sri Lanka,Ireland,Josh Little,4.0,0,45,0,11.25,5,4,1,1,0,T20I # 1841
Ireland vs Sri Lanka,Ireland,Mark Adair,2.0,0,16,0,8.0,2,1,0,0,0,T20I # 1841
Ireland vs Sri Lanka,Ireland,Barry McCarthy,2.0,0,16,0,8.0,4,0,1,0,0,T20I # 1841
Ireland vs Sri Lanka,Ireland,Gareth Delany,4.0,0,28,1,7.0,8,3,0,2,0,T20I # 1841
Ireland vs Sri Lanka,Ireland,Curtis Campher,1.0,0,8,0,8.0,2,1,0,0,0,T20I # 1841
Ireland vs Sri Lanka,Ireland,Simi Singh,2.0,0,20,0,10.0,3,0,2,0,0,T20I # 1841
Pakistan vs India,India,Bhuvneshwar Kumar,4.0,0,22,1,5.5,17,1,1,3,0,T20I # 1842
Pakistan vs India,India,Arshdeep Singh,4.0,0,32,3,8.0,10,3,1,1,0,T20I # 1842
Pakistan vs India,India,Mohammed Shami,4.0,0,25,1,6.25,14,4,0,1,0,T20I # 1842
Pakistan vs India,India,Hardik Pandya,4.0,0,30,3,7.5,10,4,0,0,0,T20I # 1842
Pakistan vs India,India,Ravichandran Ashwin,3.0,0,23,0,7.66,5,0,1,1,0,T20I # 1842
Pakistan vs India,India,Axar Patel,1.0,0,21,0,21.0,2,0,3,0,0,T20I # 1842
Pakistan vs India,Pakistan,Shaheen Shah Afridi,4.0,0,34,0,8.5,7,4,0,1,0,T20I # 1842
Pakistan vs India,Pakistan,Naseem Shah,4.0,0,23,1,5.75,10,1,0,0,0,T20I # 1842
Pakistan vs India,Pakistan,Haris Rauf,4.0,0,36,2,9.0,11,2,2,1,0,T20I # 1842
Pakistan vs India,Pakistan,Shadab Khan,4.0,0,21,0,5.25,10,2,0,0,0,T20I # 1842
Pakistan vs India,Pakistan,Mohammad Nawaz,4.0,0,42,2,10.5,8,0,4,2,1,T20I # 1842
Bangladesh vs Netherlands,Netherlands,Fred Klaassen,4.0,0,33,1,8.25,10,5,0,3,0,T20I # 1843
Bangladesh vs Netherlands,Netherlands,Colin Ackermann,1.0,0,4,0,4.0,2,0,0,0,0,T20I # 1843
Bangladesh vs Netherlands,Netherlands,Paul van Meekeren,4.0,0,21,2,5.25,10,1,0,0,0,T20I # 1843
Bangladesh vs Netherlands,Netherlands,Bas de Leede,3.0,0,29,2,9.66,9,3,1,3,0,T20I # 1843
Bangladesh vs Netherlands,Netherlands,Tim Pringle,2.0,0,10,1,5.0,4,0,0,0,0,T20I # 1843
Bangladesh vs Netherlands,Netherlands,Shariz Ahmad,3.0,0,27,1,9.0,5,1,2,0,0,T20I # 1843
Bangladesh vs Netherlands,Netherlands,Logan van Beek,3.0,0,12,1,4.0,7,0,0,1,0,T20I # 1843
Bangladesh vs Netherlands,Bangladesh,Taskin Ahmed,4.0,0,25,4,6.25,16,5,0,0,0,T20I # 1843
Bangladesh vs Netherlands,Bangladesh,Hasan Mahmud,4.0,1,15,2,3.75,16,2,0,0,0,T20I # 1843
Bangladesh vs Netherlands,Bangladesh,Shakib Al Hasan,4.0,0,32,1,8.0,6,0,2,1,0,T20I # 1843
Bangladesh vs Netherlands,Bangladesh,Mustafizur Rahman,4.0,0,20,0,5.0,14,2,0,2,0,T20I # 1843
Bangladesh vs Netherlands,Bangladesh,Soumya Sarkar,3.0,0,29,1,9.66,5,2,1,1,0,T20I # 1843
Bangladesh vs Netherlands,Bangladesh,Mosaddek Hossain,1.0,0,14,0,14.0,0,0,1,0,1,T20I # 1843
Zimbabwe vs South Africa,South Africa,Kagiso Rabada,2.0,0,20,0,10.0,4,2,1,0,0,T20I # 1844
Zimbabwe vs South Africa,South Africa,Wayne Parnell,2.0,0,6,1,3.0,9,1,0,0,0,T20I # 1844
Zimbabwe vs South Africa,South Africa,Lungi Ngidi,2.0,0,20,2,10.0,6,2,1,2,0,T20I # 1844
Zimbabwe vs South Africa,South Africa,Keshav Maharaj,1.0,0,10,0,10.0,1,1,0,0,0,T20I # 1844
Zimbabwe vs South Africa,South Africa,Anrich Nortje,2.0,0,10,1,5.0,5,0,0,0,0,T20I # 1844
Zimbabwe vs South Africa,Zimbabwe,Tendai Chatara,1.0,0,23,0,23.0,0,4,1,0,0,T20I # 1844
Zimbabwe vs South Africa,Zimbabwe,Richard Ngarava,1.0,0,17,0,17.0,2,4,0,0,1,T20I # 1844
Zimbabwe vs South Africa,Zimbabwe,Sikandar Raza,1.0,0,11,0,11.0,1,0,0,0,1,T20I # 1844
Sri Lanka vs Australia,Australia,Josh Hazlewood,4.0,0,26,1,6.5,13,3,0,3,0,T20I # 1845
Sri Lanka vs Australia,Australia,Pat Cummins,4.0,0,36,1,9.0,12,5,1,2,0,T20I # 1845
Sri Lanka vs Australia,Australia,Mitchell Starc,4.0,0,23,1,5.75,13,1,0,1,0,T20I # 1845
Sri Lanka vs Australia,Australia,Ashton Agar,4.0,0,25,1,6.25,8,1,0,1,0,T20I # 1845
Sri Lanka vs Australia,Australia,Marcus Stoinis,2.0,0,17,0,8.5,1,1,0,1,0,T20I # 1845
Sri Lanka vs Australia,Australia,Mitchell Marsh,1.0,0,14,0,14.0,1,1,1,0,0,T20I # 1845
Sri Lanka vs Australia,Australia,Glenn Maxwell,1.0,0,5,1,5.0,2,0,0,0,0,T20I # 1845
Sri Lanka vs Australia,Sri Lanka,Binura Fernando,0.5,0,5,0,6.0,2,0,0,0,0,T20I # 1845
Sri Lanka vs Australia,Sri Lanka,Dhananjaya de Silva,2.1,0,18,1,8.3,4,1,1,0,0,T20I # 1845
Sri Lanka vs Australia,Sri Lanka,Lahiru Kumara,3.3,0,22,0,6.28,15,0,1,3,0,T20I # 1845
Sri Lanka vs Australia,Sri Lanka,Chamika Karunaratne,3.0,0,20,1,6.66,6,1,0,1,0,T20I # 1845
Sri Lanka vs Australia,Sri Lanka,Maheesh Theekshana,3.0,0,23,1,7.66,11,0,3,1,0,T20I # 1845
Sri Lanka vs Australia,Sri Lanka,Wanindu Hasaranga de Silva,3.0,0,53,0,17.66,0,3,5,0,0,T20I # 1845
Sri Lanka vs Australia,Sri Lanka,Dasun Shanaka,1.0,0,10,0,10.0,2,2,0,0,0,T20I # 1845
Ireland vs England,England,Ben Stokes,2.2,0,8,1,3.42,7,0,0,0,0,T20I # 1846
Ireland vs England,England,Chris Woakes,3.0,0,41,0,13.66,4,6,1,2,0,T20I # 1846
Ireland vs England,England,Mark Wood,4.0,0,34,3,8.5,13,4,1,2,0,T20I # 1846
Ireland vs England,England,Sam Curran,3.0,0,31,2,10.33,7,1,2,0,0,T20I # 1846
Ireland vs England,England,Adil Rashid,4.0,0,24,0,6.0,6,1,0,0,0,T20I # 1846
Ireland vs England,England,Liam Livingstone,3.0,0,17,3,5.66,5,1,0,0,0,T20I # 1846
Ireland vs England,Ireland,Josh Little,3.0,0,16,2,5.33,11,2,0,2,0,T20I # 1846
Ireland vs England,Ireland,Mark Adair,2.0,0,10,0,5.0,5,0,0,0,0,T20I # 1846
Ireland vs England,Ireland,Barry McCarthy,3.0,0,20,1,6.66,7,1,0,3,0,T20I # 1846
Ireland vs England,Ireland,Fionn Hand,2.0,0,17,1,8.5,6,1,0,4,0,T20I # 1846
Ireland vs England,Ireland,Gareth Delany,3.3,0,33,0,9.42,5,3,1,1,0,T20I # 1846
Ireland vs England,Ireland,George Dockrell,1.0,0,5,1,5.0,2,0,0,0,0,T20I # 1846
South Africa vs Bangladesh,Bangladesh,Taskin Ahmed,3.0,0,46,1,15.33,7,6,2,0,3,T20I # 1847
South Africa vs Bangladesh,Bangladesh,Mehidy Hasan Miraz,3.0,0,32,0,10.66,4,2,2,0,0,T20I # 1847
South Africa vs Bangladesh,Bangladesh,Hasan Mahmud,4.0,0,36,1,9.0,11,3,2,2,0,T20I # 1847
South Africa vs Bangladesh,Bangladesh,Mustafizur Rahman,4.0,0,25,0,6.25,7,1,1,0,0,T20I # 1847
South Africa vs Bangladesh,Bangladesh,Mosaddek Hossain,2.0,0,16,0,8.0,5,1,1,0,0,T20I # 1847
South Africa vs Bangladesh,Bangladesh,Shakib Al Hasan,3.0,0,33,2,11.0,7,1,3,0,1,T20I # 1847
South Africa vs Bangladesh,Bangladesh,Afif Hossain,1.0,0,11,1,11.0,1,2,0,0,0,T20I # 1847
South Africa vs Bangladesh,South Africa,Kagiso Rabada,3.0,0,24,1,8.0,8,1,2,1,0,T20I # 1847
South Africa vs Bangladesh,South Africa,Wayne Parnell,2.0,0,18,0,9.0,3,0,1,1,0,T20I # 1847
South Africa vs Bangladesh,South Africa,Anrich Nortje,3.3,0,10,4,2.85,16,1,0,0,0,T20I # 1847
South Africa vs Bangladesh,South Africa,Keshav Maharaj,4.0,0,24,1,6.0,6,1,0,0,0,T20I # 1847
South Africa vs Bangladesh,South Africa,Tabraiz Shamsi,4.0,0,20,3,5.0,12,0,1,2,0,T20I # 1847
India vs Netherlands,Netherlands,Fred Klaassen,4.0,0,33,1,8.25,9,2,1,2,0,T20I # 1848
India vs Netherlands,Netherlands,Tim Pringle,4.0,0,30,0,7.5,6,3,0,0,0,T20I # 1848
India vs Netherlands,Netherlands,Paul van Meekeren,4.0,0,32,1,8.0,9,3,1,0,0,T20I # 1848
India vs Netherlands,Netherlands,Bas de Leede,3.0,0,33,0,11.0,6,5,1,1,0,T20I # 1848
India vs Netherlands,Netherlands,Logan van Beek,4.0,0,45,0,11.25,3,2,3,0,0,T20I # 1848
India vs Netherlands,Netherlands,Shariz Ahmad,1.0,0,5,0,5.0,2,0,0,0,0,T20I # 1848
India vs Netherlands,India,Bhuvneshwar Kumar,3.0,2,9,2,3.0,14,1,0,0,0,T20I # 1848
India vs Netherlands,India,Arshdeep Singh,4.0,0,37,2,9.25,9,6,0,1,1,T20I # 1848
India vs Netherlands,India,Mohammed Shami,4.0,0,27,1,6.75,10,2,0,0,0,T20I # 1848
India vs Netherlands,India,Axar Patel,4.0,0,18,2,4.5,11,0,0,0,0,T20I # 1848
India vs Netherlands,India,Hardik Pandya,1.0,0,9,0,9.0,1,0,0,1,0,T20I # 1848
India vs Netherlands,India,Ravichandran Ashwin,4.0,0,21,2,5.25,13,1,1,1,0,T20I # 1848
Zimbabwe vs Pakistan,Pakistan,Shaheen Shah Afridi,4.0,0,29,0,7.25,9,3,0,0,0,T20I # 1849
Zimbabwe vs Pakistan,Pakistan,Naseem Shah,4.0,0,34,0,8.5,7,4,0,2,0,T20I # 1849
Zimbabwe vs Pakistan,Pakistan,Mohammad Wasim,4.0,0,24,4,6.0,16,2,1,4,0,T20I # 1849
Zimbabwe vs Pakistan,Pakistan,Haris Rauf,4.0,1,12,1,3.0,15,0,0,0,0,T20I # 1849
Zimbabwe vs Pakistan,Pakistan,Shadab Khan,4.0,0,23,3,5.75,8,1,0,0,0,T20I # 1849
Zimbabwe vs Pakistan,Zimbabwe,Richard Ngarava,4.0,0,24,0,6.0,15,2,1,2,0,T20I # 1849
Zimbabwe vs Pakistan,Zimbabwe,Blessing Muzarabani,4.0,0,18,1,4.5,11,1,0,0,0,T20I # 1849
Zimbabwe vs Pakistan,Zimbabwe,Brad Evans,4.0,0,25,2,6.25,12,2,1,0,0,T20I # 1849
Zimbabwe vs Pakistan,Zimbabwe,Sikandar Raza,4.0,0,25,3,6.25,13,2,1,2,0,T20I # 1849
Zimbabwe vs Pakistan,Zimbabwe,Luke Jongwe,1.0,0,10,1,10.0,2,2,0,0,0,T20I # 1849
Zimbabwe vs Pakistan,Zimbabwe,Sean Williams,2.0,0,15,0,7.5,1,0,0,1,0,T20I # 1849
Zimbabwe vs Pakistan,Zimbabwe,Ryan Burl,1.0,0,7,0,7.0,0,0,0,0,0,T20I # 1849
New Zealand vs Sri Lanka,Sri Lanka,Maheesh Theekshana,4.0,0,35,1,8.75,7,2,2,1,0,T20I # 1850
New Zealand vs Sri Lanka,Sri Lanka,Kasun Rajitha,4.0,0,23,2,5.75,16,3,0,1,2,T20I # 1850
New Zealand vs Sri Lanka,Sri Lanka,Dhananjaya de Silva,2.0,0,14,1,7.0,4,1,0,0,0,T20I # 1850
New Zealand vs Sri Lanka,Sri Lanka,Wanindu Hasaranga de Silva,4.0,0,22,1,5.5,9,1,0,0,0,T20I # 1850
New Zealand vs Sri Lanka,Sri Lanka,Lahiru Kumara,3.0,0,37,1,12.33,2,2,2,2,1,T20I # 1850
New Zealand vs Sri Lanka,Sri Lanka,Chamika Karunaratne,3.0,0,34,0,11.33,5,3,1,1,0,T20I # 1850
New Zealand vs Sri Lanka,New Zealand,Tim Southee,4.0,1,12,1,3.0,18,0,1,1,0,T20I # 1850
New Zealand vs Sri Lanka,New Zealand,Trent Boult,4.0,0,13,4,3.25,18,1,0,1,0,T20I # 1850
New Zealand vs Sri Lanka,New Zealand,Lockie Ferguson,4.0,0,35,1,8.75,11,4,1,3,0,T20I # 1850
New Zealand vs Sri Lanka,New Zealand,Mitchell Santner,4.0,0,21,2,5.25,13,3,0,0,0,T20I # 1850
New Zealand vs Sri Lanka,New Zealand,Ish Sodhi,3.2,0,21,2,6.3,11,2,1,1,0,T20I # 1850
Bangladesh vs Zimbabwe,Zimbabwe,Richard Ngarava,4.0,0,24,2,6.0,11,2,0,2,0,T20I # 1851
Bangladesh vs Zimbabwe,Zimbabwe,Blessing Muzarabani,2.0,0,13,2,6.5,8,3,0,0,0,T20I # 1851
Bangladesh vs Zimbabwe,Zimbabwe,Tendai Chatara,3.0,0,18,0,6.0,7,1,0,0,0,T20I # 1851
Bangladesh vs Zimbabwe,Zimbabwe,Sikandar Raza,4.0,0,35,1,8.75,2,2,1,0,0,T20I # 1851
Bangladesh vs Zimbabwe,Zimbabwe,Brad Evans,3.0,0,32,0,10.66,2,3,1,1,0,T20I # 1851
Bangladesh vs Zimbabwe,Zimbabwe,Wessly Madhevere,2.0,0,18,0,9.0,0,1,0,0,0,T20I # 1851
Bangladesh vs Zimbabwe,Zimbabwe,Sean Williams,2.0,0,10,1,5.0,4,0,0,1,0,T20I # 1851
Bangladesh vs Zimbabwe,Bangladesh,Taskin Ahmed,4.0,1,19,3,4.75,15,3,0,0,0,T20I # 1851
Bangladesh vs Zimbabwe,Bangladesh,Hasan Mahmud,4.0,0,36,0,9.0,8,5,0,3,0,T20I # 1851
Bangladesh vs Zimbabwe,Bangladesh,Mosaddek Hossain,4.0,0,34,2,8.5,11,3,2,0,1,T20I # 1851
Bangladesh vs Zimbabwe,Bangladesh,Mustafizur Rahman,4.0,0,15,2,3.75,11,0,0,0,0,T20I # 1851
Bangladesh vs Zimbabwe,Bangladesh,Shakib Al Hasan,4.0,0,34,0,8.5,5,3,0,0,0,T20I # 1851
Netherlands vs Pakistan,Pakistan,Shaheen Shah Afridi,4.0,0,19,1,4.75,13,1,0,1,0,T20I # 1852
Netherlands vs Pakistan,Pakistan,Naseem Shah,4.0,0,11,1,2.75,15,0,0,0,0,T20I # 1852
Netherlands vs Pakistan,Pakistan,Mohammad Wasim,3.0,0,15,2,5.0,10,1,0,1,0,T20I # 1852
Netherlands vs Pakistan,Pakistan,Haris Rauf,3.0,0,10,1,3.33,11,1,0,0,0,T20I # 1852
Netherlands vs Pakistan,Pakistan,Shadab Khan,4.0,0,22,3,5.5,11,2,0,0,0,T20I # 1852
Netherlands vs Pakistan,Pakistan,Mohammad Nawaz,2.0,0,11,0,5.5,3,0,0,0,0,T20I # 1852
Netherlands vs Pakistan,Netherlands,Fred Klaassen,3.0,0,26,0,8.66,4,3,0,0,0,T20I # 1852
Netherlands vs Pakistan,Netherlands,Paul van Meekeren,4.0,0,19,1,4.75,15,2,0,0,0,T20I # 1852
Netherlands vs Pakistan,Netherlands,Brandon Glover,2.5,0,22,2,7.76,9,3,0,0,0,T20I # 1852
Netherlands vs Pakistan,Netherlands,Tim Pringle,1.0,0,12,0,12.0,1,2,0,0,0,T20I # 1852
Netherlands vs Pakistan,Netherlands,Logan van Beek,2.0,0,9,0,4.5,5,0,0,0,0,T20I # 1852
Netherlands vs Pakistan,Netherlands,Roelof van der Merwe,1.0,0,7,0,7.0,1,0,0,0,0,T20I # 1852
India vs South Africa,South Africa,Wayne Parnell,4.0,1,15,3,3.75,16,0,1,0,0,T20I # 1853
India vs South Africa,South Africa,Kagiso Rabada,4.0,0,26,0,6.5,13,2,1,1,0,T20I # 1853
India vs South Africa,South Africa,Lungi Ngidi,4.0,0,29,4,7.25,10,3,1,0,0,T20I # 1853
India vs South Africa,South Africa,Anrich Nortje,4.0,0,23,1,5.75,12,1,1,0,0,T20I # 1853
India vs South Africa,South Africa,Keshav Maharaj,3.0,0,28,0,9.33,5,3,1,0,0,T20I # 1853
India vs South Africa,South Africa,Aiden Markram,1.0,0,5,0,5.0,1,0,0,0,0,T20I # 1853
India vs South Africa,India,Bhuvneshwar Kumar,3.4,0,21,0,5.72,13,2,1,0,0,T20I # 1853
India vs South Africa,India,Arshdeep Singh,4.0,0,25,2,6.25,13,4,0,1,0,T20I # 1853
India vs South Africa,India,Mohammed Shami,4.0,0,13,1,3.25,15,1,0,0,0,T20I # 1853
India vs South Africa,India,Hardik Pandya,4.0,0,29,1,7.25,8,3,0,0,0,T20I # 1853
India vs South Africa,India,Ravichandran Ashwin,4.0,0,43,1,10.75,5,1,4,0,0,T20I # 1853
Australia vs Ireland,Ireland,Josh Little,4.0,0,21,2,5.25,13,2,0,2,0,T20I # 1855
Australia vs Ireland,Ireland,Mark Adair,4.0,0,59,0,14.75,6,7,2,6,0,T20I # 1855
Australia vs Ireland,Ireland,Barry McCarthy,4.0,0,29,3,7.25,7,2,0,1,0,T20I # 1855
Australia vs Ireland,Ireland,Gareth Delany,3.0,0,29,0,9.66,10,2,2,2,0,T20I # 1855
Australia vs Ireland,Ireland,Fionn Hand,1.0,0,15,0,15.0,2,0,2,1,0,T20I # 1855
Australia vs Ireland,Ireland,George Dockrell,4.0,0,24,0,6.0,8,0,1,0,0,T20I # 1855
Australia vs Ireland,Australia,Josh Hazlewood,3.0,0,24,0,8.0,8,1,2,1,0,T20I # 1855
Australia vs Ireland,Australia,Pat Cummins,4.0,0,28,2,7.0,14,3,1,1,0,T20I # 1855
Australia vs Ireland,Australia,Glenn Maxwell,2.1,0,14,2,6.46,6,2,0,0,0,T20I # 1855
Australia vs Ireland,Australia,Mitchell Starc,4.0,1,43,2,10.75,11,8,0,2,1,T20I # 1855
Australia vs Ireland,Australia,Adam Zampa,4.0,0,19,2,4.75,9,1,0,0,0,T20I # 1855
Australia vs Ireland,Australia,Marcus Stoinis,1.0,0,6,1,6.0,2,0,0,0,0,T20I # 1855
Afghanistan vs Sri Lanka,Sri Lanka,Kasun Rajitha,4.0,0,31,1,7.75,11,2,1,1,1,T20I # 1856
Afghanistan vs Sri Lanka,Sri Lanka,Pramod Madushan,3.0,0,24,0,8.0,7,2,1,0,0,T20I # 1856
Afghanistan vs Sri Lanka,Sri Lanka,Lahiru Kumara,4.0,0,30,2,7.5,12,2,1,4,0,T20I # 1856
Afghanistan vs Sri Lanka,Sri Lanka,Maheesh Theekshana,4.0,0,33,0,8.25,5,1,1,1,0,T20I # 1856
Afghanistan vs Sri Lanka,Sri Lanka,Wanindu Hasaranga de Silva,4.0,0,13,3,3.25,12,0,0,0,0,T20I # 1856
Afghanistan vs Sri Lanka,Sri Lanka,Dhananjaya de Silva,1.0,0,9,1,9.0,1,1,0,0,0,T20I # 1856
Afghanistan vs Sri Lanka,Afghanistan,Fazalhaq Farooqi,3.3,1,22,0,6.28,11,3,0,1,0,T20I # 1856
Afghanistan vs Sri Lanka,Afghanistan,Mujeeb Ur Rahman,4.0,0,24,2,6.0,12,3,0,0,0,T20I # 1856
Afghanistan vs Sri Lanka,Afghanistan,Fareed Ahmad,2.0,0,25,0,12.5,3,3,1,1,0,T20I # 1856
Afghanistan vs Sri Lanka,Afghanistan,Rashid Khan,4.0,0,31,2,7.75,10,2,1,1,0,T20I # 1856
Afghanistan vs Sri Lanka,Afghanistan,Azmatullah Omarzai,2.0,0,17,0,8.5,2,1,0,1,0,T20I # 1856
Afghanistan vs Sri Lanka,Afghanistan,Mohammad Nabi,2.0,0,16,0,8.0,2,0,1,0,0,T20I # 1856
Afghanistan vs Sri Lanka,Afghanistan,Gulbadin Naib,1.0,0,12,0,12.0,1,2,0,0,0,T20I # 1856
England vs New Zealand,New Zealand,Trent Boult,4.0,0,40,0,10.0,8,4,1,1,0,T20I # 1858
England vs New Zealand,New Zealand,Tim Southee,4.0,0,43,1,10.75,9,3,3,0,0,T20I # 1858
England vs New Zealand,New Zealand,Mitchell Santner,4.0,0,25,1,6.25,8,2,0,0,0,T20I # 1858
England vs New Zealand,New Zealand,Lockie Ferguson,4.0,0,45,2,11.25,6,4,2,0,1,T20I # 1858
England vs New Zealand,New Zealand,Ish Sodhi,4.0,0,23,1,5.75,10,2,0,0,0,T20I # 1858
England vs New Zealand,England,Moeen Ali,1.0,0,4,0,4.0,3,0,0,0,0,T20I # 1858
England vs New Zealand,England,Chris Woakes,4.0,0,33,2,8.25,9,1,2,1,0,T20I # 1858
England vs New Zealand,England,Adil Rashid,4.0,0,33,0,8.25,6,0,2,0,0,T20I # 1858
England vs New Zealand,England,Sam Curran,4.0,0,26,2,6.5,9,0,0,2,0,T20I # 1858
England vs New Zealand,England,Mark Wood,3.0,0,25,1,8.33,8,2,1,1,0,T20I # 1858
England vs New Zealand,England,Liam Livingstone,3.0,0,26,0,8.66,4,3,0,0,0,T20I # 1858
England vs New Zealand,England,Ben Stokes,1.0,0,10,1,10.0,2,2,0,0,0,T20I # 1858
Zimbabwe vs Netherlands,Netherlands,Fred Klaassen,4.0,0,17,1,4.25,17,0,1,2,0,T20I # 1859
Zimbabwe vs Netherlands,Netherlands,Paul van Meekeren,4.0,0,29,3,7.25,13,3,0,2,0,T20I # 1859
Zimbabwe vs Netherlands,Netherlands,Brandon Glover,4.0,1,29,2,7.25,15,2,2,2,0,T20I # 1859
Zimbabwe vs Netherlands,Netherlands,Logan van Beek,2.2,0,17,2,7.28,8,1,1,1,0,T20I # 1859
Zimbabwe vs Netherlands,Netherlands,Bas de Leede,4.0,0,14,2,3.5,11,0,0,0,0,T20I # 1859
Zimbabwe vs Netherlands,Netherlands,Roelof van der Merwe,1.0,0,8,0,8.0,2,1,0,0,0,T20I # 1859
Zimbabwe vs Netherlands,Zimbabwe,Tendai Chatara,4.0,0,22,0,5.5,14,4,0,0,0,T20I # 1859
Zimbabwe vs Netherlands,Zimbabwe,Richard Ngarava,4.0,0,18,2,4.5,15,1,1,0,0,T20I # 1859
Zimbabwe vs Netherlands,Zimbabwe,Blessing Muzarabani,4.0,0,23,2,5.75,14,2,1,1,0,T20I # 1859
Zimbabwe vs Netherlands,Zimbabwe,Sean Williams,3.0,0,21,0,7.0,8,2,1,0,0,T20I # 1859
Zimbabwe vs Netherlands,Zimbabwe,Sikandar Raza,1.0,0,6,0,6.0,0,0,0,0,0,T20I # 1859
Zimbabwe vs Netherlands,Zimbabwe,Luke Jongwe,2.0,0,25,1,12.5,3,4,0,3,1,T20I # 1859
India vs Bangladesh,Bangladesh,Taskin Ahmed,4.0,0,15,0,3.75,16,2,0,0,0,T20I # 1860
India vs Bangladesh,Bangladesh,Shoriful Islam,4.0,0,57,0,14.25,7,4,4,2,2,T20I # 1860
India vs Bangladesh,Bangladesh,Hasan Mahmud,4.0,0,47,3,11.75,7,6,2,0,1,T20I # 1860
India vs Bangladesh,Bangladesh,Mustafizur Rahman,4.0,0,31,0,7.75,9,4,0,0,0,T20I # 1860
India vs Bangladesh,Bangladesh,Shakib Al Hasan,4.0,0,33,2,8.25,3,2,0,0,0,T20I # 1860
India vs Bangladesh,India,Bhuvneshwar Kumar,3.0,0,27,0,9.0,7,2,2,0,0,T20I # 1860
India vs Bangladesh,India,Arshdeep Singh,4.0,0,38,2,9.5,10,5,1,0,0,T20I # 1860
India vs Bangladesh,India,Mohammed Shami,3.0,0,25,1,8.33,7,2,1,0,0,T20I # 1860
India vs Bangladesh,India,Axar Patel,1.0,0,6,0,6.0,2,0,0,0,0,T20I # 1860
India vs Bangladesh,India,Ravichandran Ashwin,2.0,0,19,0,9.5,4,3,0,1,0,T20I # 1860
India vs Bangladesh,India,Hardik Pandya,3.0,0,28,2,9.33,8,1,3,0,0,T20I # 1860
Pakistan vs South Africa,South Africa,Wayne Parnell,4.0,0,31,1,7.75,10,3,1,0,0,T20I # 1861
Pakistan vs South Africa,South Africa,Kagiso Rabada,4.0,0,44,1,11.0,7,4,2,0,0,T20I # 1861
Pakistan vs South Africa,South Africa,Lungi Ngidi,4.0,0,32,1,8.0,11,3,1,2,0,T20I # 1861
Pakistan vs South Africa,South Africa,Anrich Nortje,4.0,0,41,4,10.25,11,1,4,0,1,T20I # 1861
Pakistan vs South Africa,South Africa,Tabraiz Shamsi,4.0,0,36,1,9.0,8,2,2,2,0,T20I # 1861
Pakistan vs South Africa,Pakistan,Shaheen Shah Afridi,3.0,0,14,3,4.66,11,2,0,0,0,T20I # 1861
Pakistan vs South Africa,Pakistan,Naseem Shah,3.0,0,19,1,6.33,10,1,1,1,0,T20I # 1861
Pakistan vs South Africa,Pakistan,Haris Rauf,3.0,0,44,1,14.66,2,7,1,1,0,T20I # 1861
Pakistan vs South Africa,Pakistan,Mohammad Wasim,2.0,0,13,1,6.5,3,1,0,0,0,T20I # 1861
Pakistan vs South Africa,Pakistan,Shadab Khan,2.0,0,16,2,8.0,5,1,1,0,0,T20I # 1861
Pakistan vs South Africa,Pakistan,Mohammad Nawaz,1.0,0,2,0,2.0,4,0,0,0,0,T20I # 1861
New Zealand vs Ireland,Ireland,Josh Little,4.0,0,22,3,5.5,10,2,0,1,0,T20I # 1862
New Zealand vs Ireland,Ireland,Mark Adair,4.0,0,39,1,9.75,9,3,1,3,0,T20I # 1862
New Zealand vs Ireland,Ireland,Barry McCarthy,4.0,0,46,0,11.5,4,4,2,0,0,T20I # 1862
New Zealand vs Ireland,Ireland,Gareth Delany,4.0,0,30,2,7.5,11,3,1,1,0,T20I # 1862
New Zealand vs Ireland,Ireland,Fionn Hand,2.0,0,22,0,11.0,2,2,1,0,0,T20I # 1862
New Zealand vs Ireland,Ireland,George Dockrell,2.0,0,18,0,9.0,4,2,0,2,0,T20I # 1862
New Zealand vs Ireland,New Zealand,Trent Boult,4.0,0,38,0,9.5,8,4,1,0,0,T20I # 1862
New Zealand vs Ireland,New Zealand,Tim Southee,4.0,0,29,2,7.25,8,2,1,0,0,T20I # 1862
New Zealand vs Ireland,New Zealand,Lockie Ferguson,4.0,0,22,3,5.5,10,1,0,0,0,T20I # 1862
New Zealand vs Ireland,New Zealand,Mitchell Santner,4.0,0,26,2,6.5,12,3,1,0,0,T20I # 1862
New Zealand vs Ireland,New Zealand,Ish Sodhi,4.0,0,31,2,7.75,10,0,2,1,0,T20I # 1862
Australia vs Afghanistan,Afghanistan,Fazalhaq Farooqi,4.0,0,29,2,7.25,13,4,1,0,0,T20I # 1864
Australia vs Afghanistan,Afghanistan,Mujeeb Ur Rahman,4.0,0,42,1,10.5,5,4,1,1,0,T20I # 1864
Australia vs Afghanistan,Afghanistan,Naveen-ul-Haq,4.0,0,21,3,5.25,11,2,0,0,0,T20I # 1864
Australia vs Afghanistan,Afghanistan,Gulbadin Naib,3.0,0,31,0,10.33,6,3,2,0,0,T20I # 1864
Australia vs Afghanistan,Afghanistan,Rashid Khan,4.0,0,29,1,7.25,9,2,1,1,0,T20I # 1864
Australia vs Afghanistan,Afghanistan,Mohammad Nabi,1.0,0,14,0,14.0,1,1,1,0,0,T20I # 1864
Australia vs Afghanistan,Australia,Josh Hazlewood,4.0,0,33,2,8.25,13,2,3,0,0,T20I # 1864
Australia vs Afghanistan,Australia,Pat Cummins,4.0,0,22,0,5.5,12,2,0,0,0,T20I # 1864
Australia vs Afghanistan,Australia,Marcus Stoinis,2.0,0,26,0,13.0,2,2,1,2,0,T20I # 1864
Australia vs Afghanistan,Australia,Kane Richardson,4.0,0,48,1,12.0,4,3,3,1,0,T20I # 1864
Australia vs Afghanistan,Australia,Adam Zampa,4.0,0,22,2,5.5,11,1,0,0,0,T20I # 1864
Australia vs Afghanistan,Australia,Cameron Green,2.0,0,13,0,6.5,7,1,1,0,0,T20I # 1864
Sri Lanka vs England,England,Ben Stokes,3.0,0,24,1,8.0,8,1,2,0,0,T20I # 1867
Sri Lanka vs England,England,Chris Woakes,3.0,0,24,1,8.0,5,3,0,1,0,T20I # 1867
Sri Lanka vs England,England,Mark Wood,3.0,0,26,3,8.66,8,1,2,1,0,T20I # 1867
Sri Lanka vs England,England,Sam Curran,4.0,0,27,1,6.75,10,2,1,0,0,T20I # 1867
Sri Lanka vs England,England,Adil Rashid,4.0,0,16,1,4.0,11,0,0,0,0,T20I # 1867
Sri Lanka vs England,England,Liam Livingstone,2.0,0,16,0,8.0,2,0,1,0,0,T20I # 1867
Sri Lanka vs England,England,Moeen Ali,1.0,0,5,0,5.0,1,0,0,0,0,T20I # 1867
Sri Lanka vs England,Sri Lanka,Maheesh Theekshana,4.0,0,22,0,5.5,11,1,0,1,0,T20I # 1867
Sri Lanka vs England,Sri Lanka,Kasun Rajitha,3.0,0,40,0,13.33,4,5,1,2,0,T20I # 1867
Sri Lanka vs England,Sri Lanka,Lahiru Kumara,3.4,0,24,2,6.54,11,3,0,0,1,T20I # 1867
Sri Lanka vs England,Sri Lanka,Wanindu Hasaranga de Silva,4.0,0,23,2,5.75,11,1,1,0,0,T20I # 1867
Sri Lanka vs England,Sri Lanka,Dhananjaya de Silva,4.0,0,24,2,6.0,7,1,0,0,0,T20I # 1867
Sri Lanka vs England,Sri Lanka,Charith Asalanka,1.0,0,8,0,8.0,1,1,0,0,0,T20I # 1867
Netherlands vs South Africa,South Africa,Wayne Parnell,4.0,0,32,0,8.0,10,2,2,1,0,T20I # 1871
Netherlands vs South Africa,South Africa,Kagiso Rabada,3.0,0,37,0,12.33,6,7,0,0,0,T20I # 1871
Netherlands vs South Africa,South Africa,Lungi Ngidi,3.0,0,35,0,11.66,3,5,0,0,0,T20I # 1871
Netherlands vs South Africa,South Africa,Anrich Nortje,4.0,0,10,1,2.5,14,0,0,0,0,T20I # 1871
Netherlands vs South Africa,South Africa,Keshav Maharaj,4.0,0,27,2,6.75,12,1,2,0,0,T20I # 1871
Netherlands vs South Africa,South Africa,Aiden Markram,2.0,0,16,1,8.0,3,0,1,1,0,T20I # 1871
Netherlands vs South Africa,Netherlands,Fred Klaassen,4.0,0,20,2,5.0,15,3,0,0,0,T20I # 1871
Netherlands vs South Africa,Netherlands,Paul van Meekeren,3.0,0,33,1,11.0,5,1,2,1,1,T20I # 1871
Netherlands vs South Africa,Netherlands,Colin Ackermann,3.0,0,16,0,5.33,6,1,0,0,0,T20I # 1871
Netherlands vs South Africa,Netherlands,Roelof van der Merwe,2.0,0,19,0,9.5,2,2,0,0,0,T20I # 1871
Netherlands vs South Africa,Netherlands,Brandon Glover,2.0,0,9,3,4.5,5,0,0,1,0,T20I # 1871
Netherlands vs South Africa,Netherlands,Logan van Beek,3.0,0,23,0,7.66,4,1,1,0,0,T20I # 1871
Netherlands vs South Africa,Netherlands,Bas de Leede,3.0,0,25,2,8.33,4,1,0,1,2,T20I # 1871
Bangladesh vs Pakistan,Pakistan,Shaheen Shah Afridi,4.0,0,22,4,5.5,13,2,1,0,0,T20I # 1872
Bangladesh vs Pakistan,Pakistan,Naseem Shah,3.0,0,15,0,5.0,9,2,0,0,0,T20I # 1872
Bangladesh vs Pakistan,Pakistan,Mohammad Wasim,2.0,0,19,0,9.5,5,1,1,1,0,T20I # 1872
Bangladesh vs Pakistan,Pakistan,Haris Rauf,4.0,0,21,1,5.25,11,2,0,0,0,T20I # 1872
Bangladesh vs Pakistan,Pakistan,Shadab Khan,4.0,0,30,2,7.5,8,3,0,0,0,T20I # 1872
Bangladesh vs Pakistan,Pakistan,Iftikhar Ahmed,3.0,0,15,1,5.0,9,2,0,0,0,T20I # 1872
Bangladesh vs Pakistan,Bangladesh,Taskin Ahmed,3.0,0,26,0,8.66,10,1,2,0,1,T20I # 1872
Bangladesh vs Pakistan,Bangladesh,Nasum Ahmed,4.0,0,14,1,3.5,13,0,0,2,0,T20I # 1872
Bangladesh vs Pakistan,Bangladesh,Shakib Al Hasan,4.0,0,35,1,8.75,6,5,0,0,0,T20I # 1872
Bangladesh vs Pakistan,Bangladesh,Mustafizur Rahman,4.0,0,21,1,5.25,8,0,0,0,0,T20I # 1872
Bangladesh vs Pakistan,Bangladesh,Ebadot Hossain,3.1,0,25,1,7.89,7,1,1,0,1,T20I # 1872
India vs Zimbabwe,Zimbabwe,Richard Ngarava,4.0,1,44,1,11.0,12,2,4,1,1,T20I # 1873
India vs Zimbabwe,Zimbabwe,Tendai Chatara,4.0,0,34,0,8.5,5,3,1,0,0,T20I # 1873
India vs Zimbabwe,Zimbabwe,Blessing Muzarabani,4.0,0,50,1,12.5,5,8,0,1,0,T20I # 1873
India vs Zimbabwe,Zimbabwe,Wellington Masakadza,2.0,0,12,0,6.0,5,1,0,1,0,T20I # 1873
India vs Zimbabwe,Zimbabwe,Ryan Burl,1.0,0,14,0,14.0,1,1,1,0,0,T20I # 1873
India vs Zimbabwe,Zimbabwe,Sikandar Raza,3.0,0,18,1,6.0,5,0,1,0,0,T20I # 1873
India vs Zimbabwe,Zimbabwe,Sean Williams,2.0,0,9,2,4.5,6,0,0,2,0,T20I # 1873
India vs Zimbabwe,India,Bhuvneshwar Kumar,3.0,1,11,1,3.66,14,1,0,1,0,T20I # 1873
India vs Zimbabwe,India,Arshdeep Singh,2.0,0,9,1,4.5,9,1,0,2,0,T20I # 1873
India vs Zimbabwe,India,Mohammed Shami,2.0,0,14,2,7.0,7,1,1,0,0,T20I # 1873
India vs Zimbabwe,India,Hardik Pandya,3.0,0,16,2,5.33,10,1,0,2,1,T20I # 1873
India vs Zimbabwe,India,Ravichandran Ashwin,4.0,0,22,3,5.5,13,3,0,1,0,T20I # 1873
India vs Zimbabwe,India,Axar Patel,3.2,0,40,1,12.0,4,5,1,0,0,T20I # 1873
New Zealand vs Pakistan,Pakistan,Shaheen Shah Afridi,4.0,0,24,2,6.0,11,2,0,0,0,T20I # 1877
New Zealand vs Pakistan,Pakistan,Naseem Shah,4.0,0,30,0,7.5,8,3,0,0,0,T20I # 1877
New Zealand vs Pakistan,Pakistan,Haris Rauf,4.0,0,32,0,8.0,6,2,0,0,0,T20I # 1877
New Zealand vs Pakistan,Pakistan,Mohammad Wasim,2.0,0,15,0,7.5,3,0,1,0,0,T20I # 1877
New Zealand vs Pakistan,Pakistan,Shadab Khan,4.0,0,33,0,8.25,7,3,1,0,0,T20I # 1877
New Zealand vs Pakistan,Pakistan,Mohammad Nawaz,2.0,0,12,1,6.0,2,0,0,0,0,T20I # 1877
New Zealand vs Pakistan,New Zealand,Trent Boult,4.0,0,33,2,8.25,9,5,0,0,0,T20I # 1877
New Zealand vs Pakistan,New Zealand,Tim Southee,3.1,0,24,0,7.57,7,3,0,2,0,T20I # 1877
New Zealand vs Pakistan,New Zealand,Lockie Ferguson,4.0,0,37,0,9.25,7,4,1,1,0,T20I # 1877
New Zealand vs Pakistan,New Zealand,Mitchell Santner,4.0,0,26,1,6.5,6,1,0,0,0,T20I # 1877
New Zealand vs Pakistan,New Zealand,Ish Sodhi,4.0,0,26,0,6.5,4,1,0,0,0,T20I # 1877
India vs England,England,Ben Stokes,2.0,0,18,0,9.0,5,2,1,0,0,T20I # 1878
India vs England,England,Chris Woakes,3.0,0,24,1,8.0,5,1,1,2,0,T20I # 1878
India vs England,England,Sam Curran,4.0,0,42,0,10.5,9,5,2,0,0,T20I # 1878
India vs England,England,Adil Rashid,4.0,0,20,1,5.0,8,1,0,0,0,T20I # 1878
India vs England,England,Liam Livingstone,3.0,0,21,0,7.0,7,3,0,0,0,T20I # 1878
India vs England,England,Chris Jordan,4.0,0,43,3,10.75,8,3,3,1,0,T20I # 1878
India vs England,India,Bhuvneshwar Kumar,2.0,0,25,0,12.5,4,3,1,1,0,T20I # 1878
India vs England,India,Arshdeep Singh,2.0,0,15,0,7.5,4,2,0,1,0,T20I # 1878
India vs England,India,Axar Patel,4.0,0,30,0,7.5,10,2,2,0,0,T20I # 1878
India vs England,India,Mohammed Shami,3.0,0,39,0,13.0,7,4,3,0,0,T20I # 1878
India vs England,India,Ravichandran Ashwin,2.0,0,27,0,13.5,1,1,2,1,0,T20I # 1878
India vs England,India,Hardik Pandya,3.0,0,34,0,11.33,5,1,2,0,0,T20I # 1878
Pakistan vs England,England,Ben Stokes,4.0,0,32,1,8.0,6,1,0,2,1,T20I # 1879
Pakistan vs England,England,Chris Woakes,3.0,0,26,0,8.66,7,2,1,2,0,T20I # 1879
Pakistan vs England,England,Sam Curran,4.0,0,12,3,3.0,15,0,0,0,0,T20I # 1879
Pakistan vs England,England,Adil Rashid,4.0,1,22,2,5.5,10,1,0,1,0,T20I # 1879
Pakistan vs England,England,Chris Jordan,4.0,0,27,2,6.75,9,3,0,0,0,T20I # 1879
Pakistan vs England,England,Liam Livingstone,1.0,0,16,0,16.0,1,1,1,1,0,T20I # 1879
Pakistan vs England,Pakistan,Shaheen Shah Afridi,2.1,0,13,1,6.0,6,1,0,0,0,T20I # 1879
Pakistan vs England,Pakistan,Naseem Shah,4.0,0,30,0,7.5,15,3,1,1,0,T20I # 1879
Pakistan vs England,Pakistan,Haris Rauf,4.0,0,23,2,5.75,13,3,0,1,0,T20I # 1879
Pakistan vs England,Pakistan,Shadab Khan,4.0,0,20,1,5.0,10,1,0,0,0,T20I # 1879
Pakistan vs England,Pakistan,Mohammad Wasim,4.0,0,38,1,9.5,5,5,0,2,0,T20I # 1879
Pakistan vs England,Pakistan,Iftikhar Ahmed,0.5,0,13,0,15.6,0,1,1,0,0,T20I # 1879
